{"IcoMoonType":"selection","icons":[{"icon":{"paths":["M1024 768v73.143c0 20-16.571 36.571-36.571 36.571h-950.857c-20 0-36.571-16.571-36.571-36.571v-73.143c0-20 16.571-36.571 36.571-36.571h950.857c20 0 36.571 16.571 36.571 36.571zM804.571 548.571v73.143c0 20-16.571 36.571-36.571 36.571h-731.429c-20 0-36.571-16.571-36.571-36.571v-73.143c0-20 16.571-36.571 36.571-36.571h731.429c20 0 36.571 16.571 36.571 36.571zM950.857 329.143v73.143c0 20-16.571 36.571-36.571 36.571h-877.714c-20 0-36.571-16.571-36.571-36.571v-73.143c0-20 16.571-36.571 36.571-36.571h877.714c20 0 36.571 16.571 36.571 36.571zM731.429 109.714v73.143c0 20-16.571 36.571-36.571 36.571h-658.286c-20 0-36.571-16.571-36.571-36.571v-73.143c0-20 16.571-36.571 36.571-36.571h658.286c20 0 36.571 16.571 36.571 36.571z"],"width":1024,"attrs":[],"isMulticolor":false,"isMulticolor2":false,"tags":["align-left"],"defaultCode":61494,"grid":14},"attrs":[],"properties":{"name":"align-left","id":55,"order":5,"prevSize":28,"code":61494},"setIdx":1,"setId":0,"iconIdx":55},{"icon":{"paths":["M920.571 554.857c0 19.429-8 37.714-21.143 51.429l-42.857 42.857c-13.714 13.714-32.571 21.714-52 21.714s-38.286-8-51.429-21.714l-168-167.429v402.286c0 41.143-34.286 66.857-73.143 66.857h-73.143c-38.857 0-73.143-25.714-73.143-66.857v-402.286l-168 167.429c-13.143 13.714-32 21.714-51.429 21.714s-38.286-8-51.429-21.714l-42.857-42.857c-13.714-13.714-21.714-32-21.714-51.429s8-38.286 21.714-52l372-372c13.143-13.714 32-21.143 51.429-21.143s38.286 7.429 52 21.143l372 372c13.143 13.714 21.143 32.571 21.143 52z"],"width":950.8571428571428,"attrs":[],"isMulticolor":false,"isMulticolor2":false,"tags":["arrow-up"],"defaultCode":61538,"grid":14},"attrs":[],"properties":{"name":"arrow-up","id":96,"order":4,"prevSize":28,"code":61538},"setIdx":1,"setId":0,"iconIdx":96},{"icon":{"paths":["M920.571 475.429c0 19.429-8 38.286-21.143 51.429l-372 372.571c-13.714 13.143-32.571 21.143-52 21.143s-38.286-8-51.429-21.143l-372-372.571c-13.714-13.143-21.714-32-21.714-51.429s8-38.286 21.714-52l42.286-42.857c13.714-13.143 32.571-21.143 52-21.143s38.286 8 51.429 21.143l168 168v-402.286c0-40 33.143-73.143 73.143-73.143h73.143c40 0 73.143 33.143 73.143 73.143v402.286l168-168c13.143-13.143 32-21.143 51.429-21.143s38.286 8 52 21.143l42.857 42.857c13.143 13.714 21.143 32.571 21.143 52z"],"width":950.8571428571428,"attrs":[],"isMulticolor":false,"isMulticolor2":false,"tags":["arrow-down"],"defaultCode":61539,"grid":14},"attrs":[],"properties":{"name":"arrow-down","id":97,"order":3,"prevSize":28,"code":61539},"setIdx":1,"setId":0,"iconIdx":97}],"height":1024,"metadata":{"name":"icomoon"},"preferences":{"showGlyphs":true,"showCodes":true,"showQuickUse":true,"showQuickUse2":true,"showSVGs":true,"fontPref":{"prefix":"icon-","metadata":{"fontFamily":"icomoon"},"metrics":{"emSize":1024,"baseline":6.25,"whitespace":50},"embed":false},"imagePref":{"prefix":"icon-","png":true,"useClassSelector":true,"color":0,"bgColor":16777215,"name":"icon","classSelector":".icon","height":32,"columns":16,"margin":16},"historySize":50}}